<?xml version="1.0" encoding="UTF-8" standalone="yes"?>
<addon id="service.softcam.ncam"
       name="NCam LibreELEC"
       version="10.9-r1"
       provider-name="ncam-Editor by M-Elgaz">
  <requires>
    <import addon="xbmc.python" version="2.1.0"/>

  </requires>
  <extension point="xbmc.service" library="default.py">
    <provides></provides>
  </extension>
  <extension point="xbmc.addon.metadata">
    <summary>NCam: an Open Source Conditional Access Modul</summary>
    <description>
NCam(10.9-r1) is a software to be used to decrypt digital television channels, as an alternative for a conditional access module.
    </description>
    <disclaimer>

    </disclaimer>
    <platform>all</platform>
    <news>

- update for LibreELEC 9.2.2
- NCAM: 10.9-r1 Compiler: x86_64-linux-gnu-ssl
    </news>
    <assets>
      <icon>resources/icon.png</icon>
      <fanart>resources/fanart.png</fanart>

    </assets>
  </extension>
</addon>
